<?xml version="1.0" encoding="UTF-8" ?>
<XMLDB PATH="mod/simplelesson/db" VERSION="20101203" COMMENT="XMLDB file for Moodle mod/simplelesson"
    xmlns:xsi="http://www.w3.org/2001/XMLSchema-instance"
    xsi:noNamespaceSchemaLocation="../../../lib/xmldb/xmldb.xsd"
>
  <TABLES>
    <TABLE NAME="simplelesson" COMMENT="Main simplelesson table">
      <FIELDS>
        <FIELD NAME="id" TYPE="int" LENGTH="10" NOTNULL="true" UNSIGNED="true" SEQUENCE="true"/>
        <FIELD NAME="course" TYPE="int" LENGTH="10" NOTNULL="true" UNSIGNED="true" SEQUENCE="false" COMMENT="Course (id) simplelesson activity belongs to"/>
        <FIELD NAME="name" TYPE="char" LENGTH="255" NOTNULL="true" SEQUENCE="false" COMMENT="name field for moodle instances"/>
        <FIELD NAME="intro" TYPE="text" NOTNULL="true" SEQUENCE="false" COMMENT="General introduction of the simplelesson activity"/>
        <FIELD NAME="introformat" TYPE="int" LENGTH="4" NOTNULL="true" UNSIGNED="true" DEFAULT="0" SEQUENCE="false" COMMENT="Format of the intro field (MOODLE, HTML, MARKDOWN...)"/>
        <FIELD NAME="title" TYPE="char" LENGTH="255" NOTNULL="true" SEQUENCE="false" COMMENT="Title field for Multichoice"/>
        <FIELD NAME="showindex" TYPE="int" LENGTH="4" NOTNULL="true" UNSIGNED="true" DEFAULT="1" SEQUENCE="false" COMMENT="Whether to show page index"/>
        <FIELD NAME="allowreview" TYPE="int" LENGTH="4" NOTNULL="true" UNSIGNED="true" DEFAULT="1" SEQUENCE="false" COMMENT="Whether to allow student review"/>
        <FIELD NAME="allowincomplete" TYPE="int" LENGTH="4" NOTNULL="true" UNSIGNED="true" DEFAULT="0" SEQUENCE="false" COMMENT="Whether to allow incomplete attempts"/>
        <FIELD NAME="categoryid" TYPE="int" LENGTH="10" NOTNULL="true" UNSIGNED="true" DEFAULT="0" SEQUENCE="false" COMMENT="Question category id"/>
        <FIELD NAME="behaviour" TYPE="char" LENGTH="255" NOTNULL="false" SEQUENCE="false" DEFAULT="immediatefeedback" COMMENT="Question behaviour"/>
        <FIELD NAME="maxattempts" TYPE="int" LENGTH="10" NOTNULL="true" DEFAULT="0" SEQUENCE="false" COMMENT="maxattempts"/>
        <FIELD NAME="grademethod" TYPE="int" LENGTH="4" NOTNULL="true" UNSIGNED="true" DEFAULT="1" SEQUENCE="false" COMMENT="Attempts grading method"/>
        <FIELD NAME="grade" TYPE="int" LENGTH="10" NOTNULL="true" DEFAULT="100" SEQUENCE="false" COMMENT="The maximum grade. Can be negative to indicate the use of a scale."/>
        <FIELD NAME="timecreated" TYPE="int" LENGTH="10" NOTNULL="true" UNSIGNED="true" SEQUENCE="false"/>
        <FIELD NAME="timemodified" TYPE="int" LENGTH="10" NOTNULL="true" UNSIGNED="true" DEFAULT="0" SEQUENCE="false"/>
      </FIELDS>
      <KEYS>
        <KEY NAME="primary" TYPE="primary" FIELDS="id"/>
        <KEY NAME="categoryid" TYPE="foreign" FIELDS="categoryid" REFTABLE="question_categories" REFFIELDS="id"/>
      </KEYS>
      <INDEXES>
        <INDEX NAME="course" UNIQUE="false" FIELDS="course"/>
      </INDEXES>
    </TABLE>
    <TABLE NAME="simplelesson_pages" COMMENT="Keeps track of content in a page">
      <FIELDS>
        <FIELD NAME="id" TYPE="int" LENGTH="10" NOTNULL="true" SEQUENCE="true"/>
        <FIELD NAME="simplelessonid" TYPE="int" LENGTH="10" NOTNULL="true" DEFAULT="0" SEQUENCE="false"/>
        <FIELD NAME="sequence" TYPE="int" LENGTH="10" NOTNULL="false" DEFAULT="0" SEQUENCE="false"/>
        <FIELD NAME="prevpageid" TYPE="int" LENGTH="10" NOTNULL="false" DEFAULT="0" SEQUENCE="false"/>
        <FIELD NAME="nextpageid" TYPE="int" LENGTH="10" NOTNULL="false" DEFAULT="0" SEQUENCE="false"/>
        <FIELD NAME="pagetitle" TYPE="char" LENGTH="255" NOTNULL="false" SEQUENCE="false" COMMENT="Title of the page"/>
        <FIELD NAME="pagecontents" TYPE="text" NOTNULL="false" SEQUENCE="false" COMMENT="Content from page editor"/>
        <FIELD NAME="pagecontentsformat" TYPE="int" LENGTH="4" NOTNULL="false" DEFAULT="0" SEQUENCE="false"/>
        <FIELD NAME="showindex" TYPE="int" LENGTH="4" NOTNULL="true" DEFAULT="1" SEQUENCE="false" COMMENT="Should the page index be shown"/>
        <FIELD NAME="timecreated" TYPE="int" LENGTH="10" NOTNULL="true" DEFAULT="0" SEQUENCE="false"/>
        <FIELD NAME="timemodified" TYPE="int" LENGTH="10" NOTNULL="true" DEFAULT="0" SEQUENCE="false"/>
      </FIELDS>
      <KEYS>
        <KEY NAME="primary" TYPE="primary" FIELDS="id"/>
        <KEY NAME="simplelessonid" TYPE="foreign" FIELDS="simplelessonid" REFTABLE="simplelesson" REFFIELDS="id"/>
      </KEYS>
    </TABLE>
    <TABLE NAME="simplelesson_questions" COMMENT="Associates question id with page id">
      <FIELDS>
        <FIELD NAME="id" TYPE="int" LENGTH="10" NOTNULL="true" SEQUENCE="true"/>
        <FIELD NAME="qid" TYPE="int" LENGTH="10" NOTNULL="true" DEFAULT="0" SEQUENCE="false" COMMENT="question id from mdl_question"/>
        <FIELD NAME="pageid" TYPE="int" LENGTH="10" NOTNULL="true" DEFAULT="0" SEQUENCE="false" COMMENT="simplelesson page this question belongs to (if any)"/>
        <FIELD NAME="simplelessonid" TYPE="int" LENGTH="10" NOTNULL="true" DEFAULT="0" SEQUENCE="false" COMMENT="simplelesson this question belongs to (if any)"/>
        <FIELD NAME="slot" TYPE="int" LENGTH="10" NOTNULL="true" DEFAULT="0" SEQUENCE="false" COMMENT="question usage attempt slot"/>
        <FIELD NAME="score" TYPE="int" LENGTH="10" NOTNULL="true" DEFAULT="1" SEQUENCE="false" COMMENT="question score (user defined)"/>
      </FIELDS>
      <KEYS>
        <KEY NAME="primary" TYPE="primary" FIELDS="id"/>
        <KEY NAME="pageid" TYPE="foreign" FIELDS="pageid" REFTABLE="simplelesson_pages" REFFIELDS="id"/>
        <KEY NAME="simplelessonid" TYPE="foreign" FIELDS="simplelessonid" REFTABLE="simplelesson" REFFIELDS="id"/>
        <KEY NAME="qid" TYPE="foreign" FIELDS="qid" REFTABLE="question" REFFIELDS="id"/>
      </KEYS>
    </TABLE>
    <TABLE NAME="simplelesson_attempts" COMMENT="user attempt data for simplelesson">
      <FIELDS>
        <FIELD NAME="id" TYPE="int" LENGTH="10" NOTNULL="true" SEQUENCE="true"/>
        <FIELD NAME="simplelessonid" TYPE="int" LENGTH="10" NOTNULL="true" SEQUENCE="false" COMMENT="Course simplelesson activity belongs to"/>
        <FIELD NAME="qubaid" TYPE="int" LENGTH="10" NOTNULL="false" UNSIGNED="true" SEQUENCE="false" COMMENT="Question usage id"/>
        <FIELD NAME="userid" TYPE="int" LENGTH="10" NOTNULL="true" SEQUENCE="false" COMMENT="Course simplelesson activity belongs to"/>
        <FIELD NAME="status" TYPE="int" LENGTH="4" NOTNULL="true" DEFAULT="0" SEQUENCE="false" COMMENT="status"/>
        <FIELD NAME="sessionscore" TYPE="number" LENGTH="12" NOTNULL="true" DEFAULT="0" SEQUENCE="false" DECIMALS="7"  COMMENT="the score for this attempt"/>
        <FIELD NAME="maxscore" TYPE="number" LENGTH="12" NOTNULL="true" DEFAULT="0" SEQUENCE="false" DECIMALS="7"  COMMENT="the available score for the attempt"/>
        <FIELD NAME="timetaken" TYPE="int" LENGTH="10" NOTNULL="true" DEFAULT="0" SEQUENCE="false"/>
        <FIELD NAME="timecreated" TYPE="int" LENGTH="10" NOTNULL="true" DEFAULT="0" SEQUENCE="false"/>
        <FIELD NAME="timemodified" TYPE="int" LENGTH="10" NOTNULL="true" DEFAULT="0" SEQUENCE="false"/>
      </FIELDS>
      <KEYS>
        <KEY NAME="primary" TYPE="primary" FIELDS="id"/>
        <KEY NAME="simplelessonid" TYPE="foreign" FIELDS="simplelessonid" REFTABLE="simplelesson" REFFIELDS="id"/>
        <KEY NAME="qubaid" TYPE="foreign" FIELDS="qubaid" REFTABLE="question_usages" REFFIELDS="id"/>
        <KEY NAME="userid" TYPE="foreign" FIELDS="userid" REFTABLE="user" REFFIELDS="id"/>
      </KEYS>
    </TABLE>
    <TABLE NAME="simplelesson_answers" COMMENT="user answer data for simplelesson">
      <FIELDS>
        <FIELD NAME="id" TYPE="int" LENGTH="10" NOTNULL="true" SEQUENCE="true"/>
        <FIELD NAME="simplelessonid" TYPE="int" LENGTH="10" NOTNULL="true" SEQUENCE="false" COMMENT="Course simplelesson activity belongs to"/>
        <FIELD NAME="qatid" TYPE="int" LENGTH="10" NOTNULL="true" DEFAULT="0" SEQUENCE="false" COMMENT="question_attempt id"/>
        <FIELD NAME="attemptid" TYPE="int" LENGTH="10" NOTNULL="true" DEFAULT="0" SEQUENCE="false" COMMENT="Our local attempt id"/>
        <FIELD NAME="pageid" TYPE="int" LENGTH="10" NOTNULL="true" DEFAULT="0" SEQUENCE="false" COMMENT="page being attempted"/>
        <FIELD NAME="maxmark" TYPE="number" LENGTH="12" NOTNULL="true" DEFAULT="0" SEQUENCE="false" DECIMALS="7" COMMENT="The grade this question is marked out of in this attempt."/>
        <FIELD NAME="mark" TYPE="number" LENGTH="12" NOTNULL="true" DEFAULT="0" SEQUENCE="false" DECIMALS="7" COMMENT="grade for this answer."/>
        <FIELD NAME="questionsummary" TYPE="text" NOTNULL="false" SEQUENCE="false" COMMENT="This is a summary of the question"/>
        <FIELD NAME="qtype" TYPE="char" LENGTH = "20" NOTNULL="true" DEFAULT = 'none' SEQUENCE="false" COMMENT="This is the question type"/>
        <FIELD NAME="rightanswer" TYPE="text" NOTNULL="false" SEQUENCE="false" COMMENT="This is a summary of the right answer to this question."/>
        <FIELD NAME="youranswer" TYPE="text" NOTNULL="false" SEQUENCE="false" COMMENT="This is a summary of the student's response."/>
        <FIELD NAME="timetaken" TYPE="int" LENGTH="10" NOTNULL="true" DEFAULT="0" SEQUENCE="false"/>
        <FIELD NAME="timestarted" TYPE="int" LENGTH="10" NOTNULL="true" SEQUENCE="false"/>
        <FIELD NAME="timecompleted" TYPE="int" LENGTH="10" NOTNULL="true" DEFAULT="0" SEQUENCE="false"/>
      </FIELDS>
      <KEYS>
        <KEY NAME="primary" TYPE="primary" FIELDS="id"/>
        <KEY NAME="simplelessonid" TYPE="foreign" FIELDS="simplelessonid" REFTABLE="simplelesson" REFFIELDS="id"/>
        <KEY NAME="qatid" TYPE="foreign" FIELDS="qatid" REFTABLE="question_attempts" REFFIELDS="id"/>
        <KEY NAME="attemptid" TYPE="foreign" FIELDS="attemptid" REFTABLE="simplelesson_attempts" REFFIELDS="id"/>
        <KEY NAME="pageid" TYPE="foreign" FIELDS="pageid" REFTABLE="simplelesson_pages" REFFIELDS="id"/>
      </KEYS>
    </TABLE>
  </TABLES>
</XMLDB>